{"model":{"version":3,"nodes":[{"name":"RootNode","position":[0,0,0],"rotation":[0,0,0],"scale":[0.01,0.01,0.01],"scaleCompensation":false},{"name":"Cylinder","position":[0,0,0],"rotation":[-90,0,0],"scale":[100,100,100],"scaleCompensation":false}],"parents":[-1,0],"skins":[],"morphs":[],"vertices":[{"position":{"type":"float32","components":3,"data":[0.0652631,0.495722,0.5,0,0.5,-0.5,0,0.5,0.5,0.0652631,0.495722,-0.5,0.12941,0.482963,0.5,0.12941,0.482963,-0.5,0.191342,0.46194,0.5,0.191342,0.46194,-0.5,0.25,0.433013,0.5,0.25,0.433013,-0.5,0.304381,0.396677,0.5,0.304381,0.396677,-0.5,0.353553,0.353553,0.5,0.353553,0.353553,-0.5,0.396677,0.304381,0.5,0.396677,0.304381,-0.5,0.433013,0.25,0.5,0.433013,0.25,-0.5,0.46194,0.191342,0.5,0.46194,0.191342,-0.5,0.482963,0.12941,0.5,0.482963,0.12941,-0.5,0.495722,0.0652632,0.5,0.495722,0.0652632,-0.5,0.5,9.73536e-08,0.5,0.5,9.73536e-08,-0.5,0.495722,-0.065263,0.5,0.495722,-0.065263,-0.5,0.482963,-0.129409,0.5,0.482963,-0.129409,-0.5,0.46194,-0.191342,0.5,0.46194,-0.191342,-0.5,0.433013,-0.25,0.5,0.433013,-0.25,-0.5,0.396677,-0.304381,0.5,0.396677,-0.304381,-0.5,0.353553,-0.353553,0.5,0.353553,-0.353553,-0.5,0.304381,-0.396677,0.5,0.304381,-0.396677,-0.5,0.25,-0.433013,0.5,0.25,-0.433013,-0.5,0.191342,-0.46194,0.5,0.191342,-0.46194,-0.5,0.12941,-0.482963,0.5,0.12941,-0.482963,-0.5,0.0652633,-0.495722,0.5,0.0652633,-0.495722,-0.5,1.94707e-07,-0.5,0.5,1.94707e-07,-0.5,-0.5,-0.0652629,-0.495722,0.5,-0.0652629,-0.495722,-0.5,-0.129409,-0.482963,0.5,-0.129409,-0.482963,-0.5,-0.191342,-0.46194,0.5,-0.191342,-0.46194,-0.5,-0.25,-0.433013,0.5,-0.25,-0.433013,-0.5,-0.304381,-0.396677,0.5,-0.304381,-0.396677,-0.5,-0.353553,-0.353554,0.5,-0.353553,-0.353554,-0.5,-0.396677,-0.304381,0.5,-0.396677,-0.304381,-0.5,-0.433013,-0.25,0.5,-0.433013,-0.25,-0.5,-0.46194,-0.191342,0.5,-0.46194,-0.191342,-0.5,-0.482963,-0.129409,0.5,-0.482963,-0.129409,-0.5,-0.495722,-0.065263,0.5,-0.495722,-0.065263,-0.5,-0.5,2.44381e-07,0.5,-0.5,2.44381e-07,-0.5,-0.495722,0.0652634,0.5,-0.495722,0.0652634,-0.5,-0.482963,0.12941,0.5,-0.482963,0.12941,-0.5,-0.46194,0.191342,0.5,-0.46194,0.191342,-0.5,-0.433012,0.250001,0.5,-0.46194,0.191342,-0.5,-0.46194,0.191342,0.5,-0.433012,0.250001,-0.5,-0.396676,0.304381,0.5,-0.396676,0.304381,-0.5,-0.353553,0.353554,0.5,-0.353553,0.353554,-0.5,-0.30438,0.396677,0.5,-0.30438,0.396677,-0.5,-0.249999,0.433013,0.5,-0.249999,0.433013,-0.5,-0.191341,0.46194,0.5,-0.191341,0.46194,-0.5,-0.129408,0.482963,0.5,-0.129408,0.482963,-0.5,0.396677,-0.304381,0.5,0.191342,0.46194,0.5,-0.353553,0.353554,0.5,0.304381,0.396677,0.5,-0.433013,-0.25,0.5,0,0.5,0.5,-0.191341,0.46194,0.5,-0.46194,0.191342,0.5,-0.495722,-0.065263,0.5,0.495722,0.0652632,0.5,-0.191342,-0.46194,0.5,0.191342,-0.46194,0.5,0.12941,0.482963,0.5,0.0652631,0.495722,0.5,-0.0652617,0.495723,0.5,-0.129408,0.482963,0.5,-0.249999,0.433013,0.5,-0.30438,0.396677,0.5,-0.433012,0.250001,0.5,-0.396676,0.304381,0.5,-0.482963,0.12941,0.5,-0.495722,0.0652634,0.5,-0.5,2.44381e-07,0.5,-0.482963,-0.129409,0.5,-0.46194,-0.191342,0.5,-0.353553,-0.353554,0.5,-0.304381,-0.396677,0.5,-0.396677,-0.304381,0.5,-0.25,-0.433013,0.5,1.94707e-07,-0.5,0.5,-0.129409,-0.482963,0.5,-0.0652629,-0.495722,0.5,0.0652633,-0.495722,0.5,0.12941,-0.482963,0.5,0.304381,-0.396677,0.5,0.25,-0.433013,0.5,0.353553,-0.353553,0.5,0.46194,-0.191342,0.5,0.482963,-0.129409,0.5,0.433013,-0.25,0.5,0.495722,-0.065263,0.5,0.5,9.73536e-08,0.5,0.46194,0.191342,0.5,0.482963,0.12941,0.5,0.433013,0.25,0.5,0.396677,0.304381,0.5,0.353553,0.353553,0.5,0.25,0.433013,0.5,-0.0652617,0.495723,0.5,-0.0652617,0.495723,-0.5,0.396677,-0.304381,-0.5,0.495722,0.0652632,-0.5,0.482963,-0.129409,-0.5,-0.353553,0.353554,-0.5,0.191342,0.46194,-0.5,-0.46194,0.191342,-0.5,-0.433013,-0.25,-0.5,0.433013,0.25,-0.5,0.46194,0.191342,-0.5,1.94707e-07,-0.5,-0.5,-0.191342,-0.46194,-0.5,0.191342,-0.46194,-0.5,-0.25,-0.433013,-0.5,0,0.5,-0.5,-0.191341,0.46194,-0.5,0.12941,0.482963,-0.5,0.0652631,0.495722,-0.5,0.304381,0.396677,-0.5,0.25,0.433013,-0.5,0.396677,0.304381,-0.5,0.353553,0.353553,-0.5,0.482963,0.12941,-0.5,0.495722,-0.065263,-0.5,0.5,9.73536e-08,-0.5,0.46194,-0.191342,-0.5,0.433013,-0.25,-0.5,0.353553,-0.353553,-0.5,0.304381,-0.396677,-0.5,0.25,-0.433013,-0.5,0.0652633,-0.495722,-0.5,0.12941,-0.482963,-0.5,-0.129409,-0.482963,-0.5,-0.0652629,-0.495722,-0.5,-0.304381,-0.396677,-0.5,-0.353553,-0.353554,-0.5,-0.396677,-0.304381,-0.5,-0.482963,-0.129409,-0.5,-0.495722,-0.065263,-0.5,-0.46194,-0.191342,-0.5,-0.495722,0.0652634,-0.5,-0.5,2.44381e-07,-0.5,-0.482963,0.12941,-0.5,-0.433012,0.250001,-0.5,-0.396676,0.304381,-0.5,-0.249999,0.433013,-0.5,-0.30438,0.396677,-0.5,-0.0652617,0.495723,-0.5,-0.129408,0.482963,-0.5]},"normal":{"type":"float32","components":3,